,A,B,C,D
2000-01-01,0.167879725069,0.449979013412,0.760280218367,0.143718893221
2000-01-02,1.41572284916,1.10925855739,1.04344396344,-0.659320109809
2000-01-03,2.33295360769,1.01991547447,1.64078365126,-0.572795299133
2000-01-04,3.29129727887,-0.165844410117,1.66109236921,-1.32624756445
2000-01-05,3.70355504384,1.79525941734,1.166111869,-2.70927790063
2000-01-06,4.69545160261,1.73004973491,0.197464878147,-2.64266167816
2000-01-07,5.15333864736,1.40374513338,0.111445174094,-2.90485907831
2000-01-08,5.22988382659,0.549226915146,1.33892112219,-2.37467470624
2000-01-09,6.83479422392,0.816331770244,-0.0210848503563,-1.44342716195
2000-01-10,7.47967464961,1.95493497663,0.516445556935,-2.56490888113
2000-01-11,6.0408735463,1.83523699577,0.894368619723,-3.37359046147
2000-01-12,6.16321214187,2.66683133764,-1.65097370204,-3.78722430424
2000-01-13,6.10080250069,1.10817187513,-1.06577463269,-2.80461139152
2000-01-14,7.36384637909,1.45734008324,-1.10535162589,-2.9081650191
2000-01-15,7.53231250994,0.69567823833,-3.44616112889,-3.3051953131
2000-01-16,6.24093922352,1.31327534355,-5.18794309515,-3.63048627957
2000-01-17,6.3064191932,2.4915415249,-6.2559657119,-3.95121292257
2000-01-18,6.80712112463,1.26885213704,-6.03704242337,-2.80142448869
2000-01-19,6.19401784138,1.20556840493,-6.89200507991,-2.50439180559
2000-01-20,5.7520590318,0.732732155184,-8.88317535939,-1.03498426503
2000-01-21,6.6216570263,2.34352336178,-7.46576172065,-0.0612851860758
2000-01-22,6.02230463238,2.79308549896,-10.2718928368,-1.27428959715
2000-01-23,7.2751263976,2.04826431169,-9.21458972382,-0.966921194794
2000-01-24,6.76711839345,2.26185430367,-9.16834427024,-1.32004538651
2000-01-25,7.68787431519,0.646427383675,-7.45698227613,-0.234839713569
2000-01-26,7.86685234627,1.47526902794,-6.6671589429,-0.393028693528
2000-01-27,7.23863447016,1.5280200464,-7.54525196371,-0.963823921365
2000-01-28,8.47821969242,1.0815416041,-6.44209252583,-1.03989013375
2000-01-29,7.60811812971,0.600917106995,-6.95969330725,-0.390794889384
2000-01-30,7.21005424915,1.99442023767,-10.1146781662,-0.88819281322
2000-01-31,7.408853554,1.33564172005,-9.03259313892,-0.841963704862
2000-02-01,6.38173626152,1.43786824872,-7.67665209939,-0.587544965323
2000-02-02,6.45031542597,1.09192419757,-9.14197212336,-1.16715943815
2000-02-03,5.80017431651,0.951012909491,-9.96539755726,-1.92284500174
2000-02-04,5.11558946101,1.16963343352,-9.12884639155,-2.59473405978
2000-02-05,4.94322222005,0.434402678877,-10.1215279156,-4.12824776129
2000-02-06,4.55636081562,1.38531764968,-10.9260304396,-4.51677672614
2000-02-07,4.2540435052,1.70240038049,-9.95697052887,-3.97402731014
2000-02-08,4.61700594077,1.11521861736,-10.809970458,-2.80695560877
2000-02-09,4.16020819099,0.615712504051,-10.6428130078,-2.87452009666
2000-02-10,3.39757562416,0.663565770382,-10.3800179249,-3.88473927473
2000-02-11,3.48127855129,1.2029090888,-9.89624639061,-4.68454944633
2000-02-12,2.79380039669,1.08749641633,-8.84445479518,-6.24179251865
2000-02-13,3.54041492627,1.36211736714,-7.77815196127,-8.12189789006
2000-02-14,2.54930054249,0.486579861892,-8.20134393472,-8.30948164097
2000-02-15,2.40919808306,1.29305015269,-8.86792656214,-7.96684456319
2000-02-16,2.67654155114,0.704143372272,-8.909752965,-8.15828083367
2000-02-17,1.96199552871,-0.588316001252,-8.60290862978,-7.32856691707
2000-02-18,2.76467138812,-0.793637276691,-9.29604561886,-7.13601969325
2000-02-19,2.46021386813,-0.838465903506,-8.77490323163,-5.78202590642
2000-02-20,2.73450079595,-1.58104188981,-7.9518717682,-8.14594227022
2000-02-21,2.52565233593,-1.59051368014,-8.61359017257,-5.6983146137
2000-02-22,3.66370885392,-1.72810947691,-10.257931465,-6.6535056394
2000-02-23,1.84673460312,-2.4448249202,-10.5586274086,-6.78752298562
2000-02-24,2.53608377427,-3.00402852219,-9.56141794934,-4.00118064239
2000-02-25,1.42635878203,-5.93573745704,-9.1755160872,-2.23265350876
2000-02-26,1.39938491947,-5.09511056867,-8.00767186361,-4.42573180643
2000-02-27,2.60925114784,-6.0151466182,-9.47797165632,-4.43630236721
2000-02-28,3.84759645693,-6.58815788392,-9.63619310059,-4.83130187961
2000-02-29,1.79542197816,-6.80449713283,-9.82624270211,-5.01786574672
2000-03-01,1.54990163918,-5.77478186556,-10.5573219489,-4.70008201928
2000-03-02,1.20790424673,-4.85309819749,-9.98071203167,-5.6130031859
2000-03-03,0.40452213519,-5.37218409321,-9.3923021524,-4.23472198805
2000-03-04,-0.344043570902,-5.98403010678,-10.6100435644,-4.97022211499
2000-03-05,-0.431035591186,-5.70200047447,-9.81335860289,-4.75331477247
2000-03-06,-0.466225720236,-5.54331186614,-9.06224774902,-5.68409603663
2000-03-07,-0.450329093092,-5.42536220344,-9.15007243046,-6.19126021179
2000-03-08,0.0769105764835,-6.8424463279,-9.5157297391,-5.34724716764
2000-03-09,0.0447260249217,-8.49011289948,-10.3559608593,-6.02571290793
2000-03-10,0.157839490562,-8.21007194532,-10.8038018421,-7.00296335481
2000-03-11,0.149622318793,-8.26542590767,-12.042204232,-6.86018047666
2000-03-12,0.101512752192,-9.34536580394,-11.6506179717,-7.51225688439
2000-03-13,0.526840142963,-10.0431185013,-12.5579690594,-7.66979519429
2000-03-14,2.02206068814,-10.025291407,-12.7683509624,-6.97860415754
2000-03-15,1.74887250953,-8.61378386354,-12.4013668712,-6.92244794119
2000-03-16,1.31550819246,-10.4880818049,-10.5213595413,-5.77695614058
2000-03-17,0.385598776203,-11.5253738199,-10.4899323908,-4.98345215734
2000-03-18,0.615005708441,-10.6746742708,-10.7607980204,-4.55740085051
2000-03-19,1.03930732468,-9.20576343594,-10.3591610126,-4.81057578592
2000-03-20,0.880764719439,-11.8371601132,-9.59847981043,-5.18407260658
2000-03-21,0.575125826742,-10.0739420149,-9.23099231066,-4.62240340477
2000-03-22,2.14625187534,-9.75995956959,-9.16052168345,-5.29801824193
2000-03-23,2.55039451777,-10.1684470992,-9.61252014785,-4.60414953991
2000-03-24,0.533436954345,-10.227457329,-9.07541360959,-5.44036139414
2000-03-25,0.912336477101,-10.1241435894,-9.38598242957,-6.40785920669
2000-03-26,0.592722668836,-9.16344678735,-8.17057017441,-6.65651556889
2000-03-27,-0.167672163174,-8.04071640672,-6.89758104799,-6.26280401585
2000-03-28,-0.511435963083,-8.78282951775,-6.59511019178,-6.58059455086
2000-03-29,-0.432959632682,-9.16555455438,-5.9429580278,-7.17951133124
2000-03-30,-1.79416806385,-7.92137241624,-5.21466650062,-6.91057579293
2000-03-31,-2.30029057924,-7.50926156996,-3.6841870113,-5.95667826617
2000-04-01,-3.14238915803,-6.05103132938,-4.83798824286,-8.388056388
2000-04-02,-3.66356145469,-7.12702831111,-5.17535690796,-8.65489434344
2000-04-03,-4.74763172224,-7.5666772618,-6.82262024397,-9.24518277383
2000-04-04,-3.24899693484,-7.6879601331,-5.39736966605,-11.5348059059
2000-04-05,-3.28961906856,-6.6799325224,-6.20215194791,-11.577219799
2000-04-06,-2.92381794592,-6.0321217334,-6.46261733588,-12.6578887518
2000-04-07,-3.99481325755,-5.05356683913,-6.30621293704,-12.970003967
2000-04-08,-4.03064459882,-4.21201530902,-7.2766252836,-13.7208608883
2000-04-09,-4.84930323333,-2.79621999544,-5.63146451336,-12.9268105976
2000-04-10,-4.94941830752,-3.49077558832,-6.80772401697,-12.8294840264
2000-04-11,-5.15130314199,-3.29744423788,-5.09811478409,-11.3381427272
2000-04-12,-6.18010912676,-2.79937804843,-5.72759518861,-10.1527309795
2000-04-13,-5.21156033509,-3.29559640318,-4.19472421827,-9.56201725445
2000-04-14,-4.2385478142,-3.54242601633,-4.28219687808,-10.2524361557
2000-04-15,-3.33332242237,-2.95553131653,-4.53270436584,-11.6010583977
2000-04-16,-1.99267288457,-2.75986387027,-2.98619069517,-12.1273988603
2000-04-17,-1.62479138947,-3.85067427757,-4.51816618407,-12.8996448257
2000-04-18,-3.51533342797,-4.73291985027,-4.83544804694,-13.9012417441
2000-04-19,-1.52276431764,-6.56490328109,-4.69055945572,-13.8247493026
2000-04-20,-1.0542003464,-7.99745836735,-5.73299514143,-13.3746595012
2000-04-21,-0.261416407303,-7.80689254678,-5.69754193706,-13.9431455882
2000-04-22,0.835436152373,-7.97206280377,-6.58080553888,-14.1804281633
2000-04-23,-0.620471646217,-8.98781894795,-5.5673689014,-14.3906311411
2000-04-24,0.860139106458,-10.4767120926,-7.49624316616,-13.7101068009
2000-04-25,-0.0410176049171,-10.9834498975,-6.25120926351,-14.5787765068
2000-04-26,-0.361524581382,-10.4303927453,-6.09669997636,-12.3565713791
2000-04-27,-0.114260132466,-10.5980314924,-5.61513286523,-11.6446787423
2000-04-28,-0.0446809344399,-10.7215950677,-4.37230087438,-10.8831348221
2000-04-29,0.327790460617,-9.51718129487,-4.8573955046,-9.51708747775
2000-04-30,0.694951298722,-8.56057956422,-3.85809087399,-9.22326144102
2000-05-01,-0.284336124829,-7.99235361591,-4.18413615326,-10.0539183116
2000-05-02,0.382842232862,-6.67900725122,-4.24682136565,-10.5020260131
2000-05-03,-0.305885602335,-9.2564967803,-2.7291294076,-8.06406193436
2000-05-04,0.916456448684,-9.91628653672,-3.10758951351,-7.10008953312
2000-05-05,-0.691868776812,-11.001133042,-2.41217663907,-7.45709535994
2000-05-06,0.00357053784993,-10.6391461274,-2.74472838097,-8.9092139713
2000-05-07,1.32157069891,-11.0512370207,-3.703764588,-7.86534966665
2000-05-08,2.83141941904,-11.9453895118,-3.70943786458,-9.3560343964
2000-05-09,1.8669834575,-11.6677701551,-3.93971605298,-10.9731057698
2000-05-10,1.90632993565,-12.508976091,-5.04414108312,-11.0383355825
2000-05-11,2.34980174783,-12.3641528853,-5.55297126305,-11.2117712791
2000-05-12,3.03185327521,-14.5730065301,-4.48360517332,-12.6150249439
2000-05-13,2.79556186793,-14.8498965216,-3.89448403271,-11.5051579961
2000-05-14,2.90708558501,-15.3568662838,-3.58781414495,-11.9558127598
2000-05-15,5.10958982551,-15.9650972753,-3.10180196267,-11.309709909
2000-05-16,5.98813605978,-17.8539861686,-2.14649290037,-12.2307287045
2000-05-17,4.42132813867,-18.0741549822,-0.965312279769,-12.7073272867
2000-05-18,4.89116228193,-17.6095080381,-1.55913953651,-12.3738507895
2000-05-19,4.45264627486,-17.7416751268,-1.08366156122,-13.387664897
2000-05-20,4.94195665699,-17.8052030053,-1.18632127759,-12.0498064574
2000-05-21,5.43958858776,-17.3879350493,-2.41432800035,-11.8805007911
2000-05-22,3.34778695667,-18.4835972053,-3.18319424783,-10.9804562813
2000-05-23,2.72246655768,-18.1802083792,-3.23938184809,-11.0352937795
2000-05-24,4.15649868961,-17.9506193628,-5.17612701087,-9.60072560725
2000-05-25,3.18122745992,-19.9989668292,-5.71851848208,-11.4180272873
2000-05-26,1.65690549542,-20.0043641742,-6.28621949265,-10.1457454164
2000-05-27,2.03038341368,-21.1878005812,-7.88885110209,-10.289725329
2000-05-28,2.68731440743,-20.608201251,-8.59620845001,-8.26009843365
2000-05-29,5.06527238748,-19.6981599125,-6.79464623761,-7.5224789354
2000-05-30,5.73046634144,-19.4230407818,-6.24996606634,-6.34875779359
2000-05-31,6.32170739648,-19.6984650064,-6.15533459901,-4.61081439611
2000-06-01,6.16293524725,-18.2457601289,-7.75063777352,-4.09232384709
2000-06-02,6.7899831208,-18.3435779986,-6.96253880065,-4.39755401194
2000-06-03,7.39130770881,-18.9878985736,-6.97064656219,-3.54663190504
2000-06-04,5.83444594445,-20.896006107,-8.53333994476,-3.52820668455
2000-06-05,5.21981883094,-20.9362165744,-7.01870565577,-3.79198693745
2000-06-06,5.3041557459,-20.4082321782,-8.3446522346,-3.4579638331
2000-06-07,5.42938831903,-20.6092238413,-9.78083695568,-3.97716292902
2000-06-08,3.91654732064,-21.2180536308,-9.35445936657,-4.52026740504
2000-06-09,3.67535174357,-22.5811871244,-9.19253759833,-4.88248645253
2000-06-10,3.17128958356,-22.9843692326,-7.99887840515,-4.827309138
2000-06-11,1.8880243161,-23.3929183916,-7.25744760056,-5.50680007612
2000-06-12,3.13130821757,-23.5318621403,-7.60331452,-6.6581565869
2000-06-13,3.13829293768,-23.7139561823,-7.8699374464,-5.71278057947
2000-06-14,1.788564202,-22.837864632,-7.2851223278,-5.78242518963
2000-06-15,1.01341397,-23.0357154952,-6.84926680969,-5.47327354574
2000-06-16,1.32160036957,-24.1202577506,-6.99040649984,-6.38617546735
2000-06-17,1.56225146666,-24.2979006141,-8.16742957272,-6.19787369988
2000-06-18,0.298515989348,-25.4599887495,-9.4028870702,-6.76305044401
2000-06-19,1.01563282505,-26.2506126866,-9.22622631092,-5.31467514224
2000-06-20,0.452217442654,-26.2685456846,-7.57722278782,-5.59981654979
2000-06-21,0.0526914540831,-23.0094748433,-7.60753186031,-6.66605813968
2000-06-22,0.884646349248,-21.6123595071,-7.54310160194,-5.13131994247
2000-06-23,1.33449304627,-21.3753618476,-7.32380086702,-5.67014570951
2000-06-24,-0.945134311519,-21.9417716149,-6.48581539776,-6.65650677814
2000-06-25,-2.15197668818,-21.9104867629,-7.05504971648,-8.13274214356
2000-06-26,-1.06589524352,-20.6707991797,-7.27178835139,-7.4297269162
2000-06-27,-2.09966530193,-21.1799135991,-6.64235426766,-8.0699460056
2000-06-28,-1.66765221394,-21.133133057,-7.53959346703,-7.56491112023
2000-06-29,-1.9037561042,-17.8895736559,-7.24926255692,-7.65783222583
2000-06-30,-3.20351299738,-17.1154197551,-7.74876433342,-7.86985058754
2000-07-01,-2.23737125595,-16.2714352006,-8.00757178325,-7.03165868924
2000-07-02,-1.94862178792,-16.1621303546,-8.43052058728,-8.97804644304
2000-07-03,0.045325015828,-15.4874454189,-7.15620345205,-8.96888074603
2000-07-04,-0.387590014653,-14.8943730569,-6.73520595355,-10.35653357
2000-07-05,1.03264264948,-15.7139087638,-6.78337941574,-9.31086496236
2000-07-06,1.82294864501,-15.0669662232,-7.03067314017,-9.59905694625
2000-07-07,1.92932373934,-15.9502842726,-5.26915492787,-10.9077852788
2000-07-08,3.86280069058,-16.3796221821,-4.89406751495,-10.326840243
2000-07-09,3.36362621225,-16.6584622342,-5.01961461838,-11.2631814468
2000-07-10,3.70387341319,-15.7259465989,-3.05512238235,-10.1146407279
2000-07-11,1.75477442792,-15.3871773517,-1.92267084894,-8.89323963518
2000-07-12,1.80798367691,-16.4032100401,-1.52596691099,-8.45311910989
2000-07-13,2.00221942622,-17.4005492292,-1.70022025869,-8.75589085974
2000-07-14,1.85002230961,-16.7214793433,-2.92440227891,-7.77155391314
2000-07-15,1.39626588805,-15.7402567288,-2.87786947325,-6.33436981185
2000-07-16,0.805419419696,-16.6772461122,-3.11696190688,-5.61404665205
2000-07-17,1.22350553938,-14.1812696878,-3.00084505143,-5.16279839704
2000-07-18,0.449984904663,-12.7550834616,-2.83569575884,-4.66220753477
2000-07-19,1.11000612073,-13.5712299303,-2.21452819007,-4.67344664295
2000-07-20,-0.976506453571,-14.2851453068,-3.70079397702,-5.29005657625
2000-07-21,1.01324207642,-14.1106298841,-4.38833090078,-6.72702962603
2000-07-22,3.66480491802,-14.673742739,-6.66564953494,-6.45034579
2000-07-23,2.92101765444,-15.3575562019,-8.92083992551,-5.9136340351
2000-07-24,2.25924527616,-14.6256775608,-10.6848308909,-6.37898179805
2000-07-25,2.43722683158,-14.0619942947,-12.1010532394,-7.11408762371
2000-07-26,2.59477553584,-12.535724588,-10.356230147,-6.10589846648
2000-07-27,1.53226358139,-11.1878817227,-9.69921687327,-5.35203716633
2000-07-28,0.493520206115,-10.4102824463,-9.34580244001,-3.91558349517
2000-07-29,1.30091641555,-9.8555264963,-8.05004815621,-5.08620465385
2000-07-30,1.3163049871,-9.9732447639,-7.95249931867,-5.64392439745
2000-07-31,0.0908361196902,-10.067940955,-8.92350946833,-5.37145924639
2000-08-01,0.790699561639,-9.55355919059,-9.24967168939,-5.17304790174
2000-08-02,-0.173441487712,-8.45439242601,-8.42355062514,-4.80889765047
2000-08-03,0.47177191723,-7.32915023477,-7.21566778358,-3.21880371253
2000-08-04,1.40280424659,-8.33928082819,-6.5016374671,-3.84393331387
2000-08-05,1.68591908303,-8.15034752309,-7.83896527017,-3.85710389707
2000-08-06,0.97996792717,-7.97820099323,-7.94585475327,-2.6160154272
2000-08-07,-0.790884766657,-6.06094231356,-8.18810781733,-3.64055725598
2000-08-08,1.23014607644,-6.90856116167,-9.08569366144,-3.36171605696
2000-08-09,1.57547515744,-8.96369729999,-8.06497176058,-5.07133976279
2000-08-10,2.56008672387,-8.372513176,-10.5437534518,-5.46952868065
2000-08-11,2.39666298295,-9.1927940341,-9.91867707111,-6.90775086202
2000-08-12,1.74215623223,-10.3446446638,-10.6216400489,-3.90831809821
2000-08-13,1.99315091316,-8.58263250544,-8.83258542805,-4.06108393276
2000-08-14,3.11214764592,-9.52154932209,-7.63156649414,-3.49486474656
2000-08-15,2.68724659916,-9.59079424067,-7.58540602767,-3.42864796239
2000-08-16,2.74948496967,-11.2615340808,-6.91436330158,-4.44179065121
2000-08-17,2.25303406669,-11.444124878,-7.05835576164,-3.79197237392
2000-08-18,2.019583584,-10.4374192287,-6.72586196143,-5.05508921959
2000-08-19,2.63560612574,-11.3719607602,-7.03154399081,-5.20089312205
2000-08-20,3.99525709394,-9.72317433237,-5.54544570487,-3.96476610964
2000-08-21,3.11271956059,-9.35861680568,-4.70206276923,-3.87729989935
2000-08-22,3.76120386527,-10.1451742825,-3.43041808616,-3.5231037415
2000-08-23,3.79183388447,-11.930031804,-3.47751681703,-4.74481159949
2000-08-24,4.97231529763,-11.1964118104,-1.7884042105,-2.96623682106
2000-08-25,5.1057949815,-11.5564586965,-1.8516880745,-5.18904130781
2000-08-26,7.10756640539,-10.8434682422,-2.11198715721,-4.39934546017
2000-08-27,4.99558089956,-11.7946302471,-1.7858170287,-2.86286824821
2000-08-28,5.2933026837,-12.9846869163,-3.4985397795,-3.31019076532
2000-08-29,6.55381590749,-13.3656446443,-4.95190019584,-3.44719245978
2000-08-30,7.55028576955,-12.6877305895,-5.12612924579,-2.21485494626
2000-08-31,7.14328645209,-11.7237410041,-4.2135030564,-2.23189357037
2000-09-01,7.22522096259,-10.5733045941,-3.28171361604,-2.55681470135
2000-09-02,6.66311406594,-10.3411133893,-3.73364763,-1.62435154875
2000-09-03,8.23212579708,-11.9161221,-3.84608927654,-0.476840610974
2000-09-04,9.62990314681,-12.1689371611,-4.03407008274,-0.926965023674
2000-09-05,8.05665883412,-12.2398717912,-3.71505965064,-1.64515434669
2000-09-06,7.33332749876,-12.3146392013,-2.31552178465,-0.558990496996
2000-09-07,8.01961667204,-10.9815620044,-1.28329233103,-1.51651599943
2000-09-08,6.68469879755,-11.0922975569,-2.56254132075,-1.86099171369
2000-09-09,5.33384434317,-10.5906960983,-2.55478275256,-3.02993857225
2000-09-10,5.36132221274,-11.1963589232,-2.20554116396,-4.1051424051
2000-09-11,6.92361674692,-10.1207047445,-3.32849257434,-4.77498316266
2000-09-12,6.97522096216,-10.2248991821,-2.64711330985,-4.33311754035
2000-09-13,7.46158244947,-9.31063485081,0.0672236495091,-6.59070844791
2000-09-14,7.27759806094,-8.38912744189,1.03141670297,-7.62553943462
2000-09-15,7.20552970676,-7.36541640293,1.01353604154,-7.08938683085
2000-09-16,7.97069096163,-7.14350958188,0.541994872087,-8.36918369417
2000-09-17,8.75552968991,-7.82206583715,-1.71372663436,-9.64454810033
2000-09-18,9.15737811116,-7.43217554721,-0.959585124569,-8.86120772841
2000-09-19,10.3729115445,-7.80584187012,-0.0819277810366,-10.6429092903
2000-09-20,8.77128858344,-8.13468826597,0.170864772981,-14.0323097265
2000-09-21,8.26812953755,-5.99486420919,0.700776696759,-14.8317951947
2000-09-22,7.97762812398,-6.79064513529,-0.149676973602,-14.7860518672
2000-09-23,7.73524055267,-4.75953753833,2.2277286191,-13.8788556729
2000-09-24,6.51433025661,-6.9538029349,-0.663830687994,-12.0138347352
2000-09-25,6.60647873396,-5.94546281167,0.0456946857142,-12.0534181173
2000-09-26,6.92586846412,-4.92198638504,-1.42161415128,-10.8264576368
2000-09-27,8.43118422657,-6.83600571566,-1.12084267913,-10.7123265992
2000-09-28,7.71725869822,-6.44766218306,-1.04732908119,-9.71762856549
2000-09-29,6.47268247196,-5.63340591298,-2.24715774329,-10.6188566044
2000-09-30,4.72390902797,-4.47499511002,-3.42655707845,-11.5531859721
2000-10-01,4.75886646935,-4.58814021268,-1.73725158971,-11.5968636823
2000-10-02,4.35826847157,-4.42255842788,-1.56558727717,-10.1393498311
2000-10-03,4.68860779787,-5.13312441109,-1.95658179562,-8.33172831442
2000-10-04,5.00318016502,-5.08820297306,-2.37441322078,-6.98463557934
2000-10-05,6.25576785766,-4.89434692328,-1.480249225,-6.73219675344
2000-10-06,7.5817205363,-5.28469294802,-0.143125662897,-6.5115619383
2000-10-07,8.36825197566,-6.01148125945,-0.51739867685,-6.47629897494
2000-10-08,7.91235424664,-6.14993435826,-0.404100880659,-5.74327346331
2000-10-09,8.36729641111,-6.82060550112,-0.680044313645,-3.09152135953
2000-10-10,9.72074873756,-8.09408620399,-1.17260681823,-4.60568478648
2000-10-11,9.62409751325,-6.23432923024,-1.79596449771,-4.42014732661
2000-10-12,10.2654706199,-7.47921091348,-0.805542543087,-4.00859863171
2000-10-13,9.20329453944,-7.0756294289,-0.661195899953,-5.07267873872
2000-10-14,10.8983053862,-8.55988249388,0.79295666509,-4.51245691676
2000-10-15,13.8232588313,-8.47080802375,-0.323710489022,-3.09180894799
2000-10-16,13.7822776253,-7.59507126174,-0.273922198003,-2.48890844641
2000-10-17,13.9352971687,-6.33505280372,-0.209824955496,-1.94276585059
2000-10-18,14.0637023805,-5.60195406274,-0.481170711884,-3.99799257395
2000-10-19,12.2330591143,-5.69535952461,-1.41581994418,-3.94105683845
2000-10-20,11.9459807123,-5.69328458804,-1.14170766501,-3.35682088591
2000-10-21,12.0760856005,-6.07823706322,-1.72339076064,-3.37667475536
2000-10-22,10.8931679131,-7.19239485143,-1.67503648015,-3.66182954578
2000-10-23,10.5485733289,-6.01266505804,-2.20654664341,-3.52854588062
2000-10-24,12.7978164419,-7.86589136337,-2.73324374253,-4.037188705
2000-10-25,10.4268847341,-8.03598358832,-0.791416343007,-3.03051460917
2000-10-26,10.3804740532,-7.64161404133,-1.74180488249,-1.32156038598
2000-10-27,9.97275490473,-8.35282322007,-1.69338744383,-1.45111165364
2000-10-28,8.66079774148,-7.1872394051,-2.33608866295,-2.06010158015
2000-10-29,9.06454456482,-6.51131111831,-0.195881852376,-2.29094211951
2000-10-30,8.48732619656,-6.54157625925,1.59608642198,-4.20924978681
2000-10-31,7.01552409922,-6.79396412586,1.99131878357,-5.28044688189
2000-11-01,3.6543268561,-6.99513410411,1.97879729278,-5.92695700372
2000-11-02,2.79273125087,-7.17449234949,-0.0245225178302,-6.04395093867
2000-11-03,2.57689797209,-6.1237203434,0.132313751591,-6.6005285938
2000-11-04,3.83748954578,-6.0694222257,0.271836686459,-6.43834375124
2000-11-05,4.25904186344,-6.01372131071,0.889628184922,-5.56516400494
2000-11-06,3.54931377617,-6.53102074211,-0.385019457056,-6.07370682185
2000-11-07,2.23600557944,-4.42159266189,1.17663374143,-6.76039654503
2000-11-08,2.70793923299,-3.95158470234,1.8937476486,-6.24928990743
2000-11-09,1.65379143359,-4.46264485272,0.888567203822,-7.24420313109
2000-11-10,-0.193522671779,-5.36707203112,0.372923549111,-9.33062677226
2000-11-11,-0.0942840738008,-6.17839484977,-0.0364972793662,-10.4809175276
2000-11-12,0.157023461647,-7.08375587602,0.843530353938,-10.4855007551
2000-11-13,-1.02844970297,-7.55315924459,1.46260232769,-10.3856138172
2000-11-14,0.826456996348,-7.35785322628,1.11846837851,-10.211365403
2000-11-15,0.260212972173,-6.44753707143,0.369438203088,-10.5121953139
2000-11-16,-0.0179366343436,-7.07237974778,0.585764203887,-10.6296226185
2000-11-17,0.208321278703,-5.81264806403,0.559845760757,-10.9511736739
2000-11-18,0.65459730887,-5.49953412034,0.55687524412,-11.5587176134
2000-11-19,0.1197165364,-4.91710001924,-0.129092411788,-11.2277537476
2000-11-20,-0.777639110075,-5.09379990481,-0.596749134511,-11.1127553367
2000-11-21,0.182359310467,-5.33268812531,-0.48072889118,-10.0485727764
2000-11-22,1.9341420149,-7.09154309655,-0.271805271182,-9.26943010254
2000-11-23,2.97582521447,-8.65838368032,-0.223316581447,-7.7938551476
2000-11-24,4.89559602157,-10.7673416469,-1.39772632485,-7.08895853182
2000-11-25,2.01741280611,-12.1877241239,-0.380868138605,-6.11144057445
2000-11-26,3.30649967117,-12.554062462,-1.71177740182,-7.0025499052
2000-11-27,2.80276859789,-13.3249776191,-0.108685006689,-6.85329717743
2000-11-28,2.02279689949,-13.4355174651,0.272000105249,-6.12803985559
2000-11-29,2.25276840545,-13.2903707755,-1.64240329924,-5.49957987688
2000-11-30,2.53324448478,-13.5106837618,-1.97727785901,-4.4762624351
2000-12-01,2.10215561971,-12.0125982562,-1.72722304975,-4.41162083407
2000-12-02,2.46489236016,-11.2072869079,-1.68739899073,-4.29581678639
2000-12-03,2.23136774174,-10.2089090723,-1.00906330921,-4.09025878603
2000-12-04,0.189150502087,-8.83151783738,-0.456027687268,-3.98445694042
2000-12-05,-1.28108968987,-9.4714929066,-1.14269352919,-4.32977174627
2000-12-06,-0.338619100168,-9.13422893682,0.279141462488,-2.38460531199
2000-12-07,-0.702225575025,-7.98513224654,1.22588635373,-2.32181054108
2000-12-08,-1.34880119408,-7.36207229572,2.31057888766,-0.597150618581
2000-12-09,-1.73127201778,-7.6474354616,3.37042653576,0.155383031432
2000-12-10,-0.703862973347,-8.28749394942,3.74075916063,-1.35360895726
2000-12-11,-0.493959840556,-8.51126061253,2.91291338112,-2.18760328747
2000-12-12,0.603194571761,-9.31041936152,3.42406563928,-3.62656032419
2000-12-13,1.30458682338,-9.69838810862,3.57185461076,-1.13816410628
2000-12-14,0.680879300413,-10.1913825614,3.48620172229,-0.943407868966
2000-12-15,1.28990188742,-8.67054577319,2.41077058762,-2.77100887735
2000-12-16,0.398603612519,-10.7833688615,3.85205915313,-1.93341946197
2000-12-17,0.699056127322,-10.260563751,4.09976598629,-1.5003884408
2000-12-18,0.947100260473,-9.88611990387,3.07643159287,-0.482538664909
2000-12-19,0.487889487547,-9.48986191711,2.82534292222,-1.45074764215
2000-12-20,-0.222818459682,-8.51851349665,2.51795441011,-0.773350887286
2000-12-21,0.143231714511,-10.2242779009,0.54905202255,0.295002239815
2000-12-22,-0.7153609391,-11.9518686014,1.52622445741,-0.941199394222
2000-12-23,1.14741037543,-11.2677370752,3.29906847675,-1.41968119802
2000-12-24,-0.128537532985,-10.9573161229,2.2878627127,-0.773034210908
2000-12-25,1.27383464829,-12.5914911358,1.54282003413,-0.805727487904
2000-12-26,1.80141687036,-13.0684268589,1.88633163196,0.229676658039
2000-12-27,1.95319741969,-11.4816751338,1.23070055097,0.875451995965
2000-12-28,1.50868595367,-11.1264487651,2.2196960672,2.74125566829
2000-12-29,1.31990217065,-10.253423008,1.74465755874,2.68955734432
2000-12-30,2.14288539425,-10.4421029126,0.467645350503,2.60531399643
2000-12-31,2.5110980035,-9.38183614216,1.4157446428,2.30678427746
2001-01-01,2.67423124387,-8.9947053079,-0.156889596785,0.561191682631
2001-01-02,1.93776160182,-9.49124226962,-0.623038141387,-0.129400924007
2001-01-03,1.57830999707,-8.71241048301,-2.14827838074,-0.571311708955
2001-01-04,2.14465018712,-7.73372875149,-1.76009244579,-2.57791754295
2001-01-05,1.28742006805,-7.28034196291,-1.60877616793,-1.72988389383
2001-01-06,2.84566392288,-8.68747478563,-0.841773335953,-0.0370855728459
2001-01-07,2.70783748139,-8.91113753567,0.0591391662739,0.316030955345
2001-01-08,4.2585162938,-8.46171128967,-0.177479202083,-0.143847577039
2001-01-09,2.94250484592,-8.00687379139,0.684934289729,-0.154753228631
2001-01-10,0.901410401811,-8.88310269415,0.231550012109,0.308532359934
2001-01-11,1.72505869655,-6.79663110297,2.19634076262,0.10385812203
2001-01-12,1.29744049579,-6.14005721858,2.84233268374,0.441627741831
2001-01-13,1.99392165856,-7.21401408289,2.99173465058,2.32559818926
2001-01-14,1.52357587939,-5.96330116168,1.90844051605,3.72193370116
2001-01-15,1.49819212117,-7.01371665262,3.91456765813,3.65452397662
2001-01-16,2.14419622431,-7.2247728408,4.19155606496,1.30188416991
2001-01-17,3.21933623927,-5.46075328896,3.33978122569,1.9941812244
2001-01-18,4.67951419395,-5.11990676385,3.58375796732,2.00019585006
2001-01-19,4.36979326181,-5.37704332949,4.28551369755,1.86342487084
2001-01-20,3.95950661551,-5.74699847222,4.03306233188,2.35790258551
2001-01-21,1.1747295961,-4.42192314899,4.85339940663,3.61854852605
2001-01-22,1.29161797451,-5.97123288447,3.05177589676,3.72055183442
2001-01-23,0.346080186211,-6.06828469322,4.25071602398,4.0920761243
2001-01-24,1.47897806743,-6.16713976581,4.19268561151,2.79772269584
2001-01-25,0.322637961154,-6.76952515456,4.49652522083,2.58531892087
2001-01-26,1.73466901143,-7.05813260598,3.76922446539,4.20187105545
2001-01-27,1.29673590017,-5.27127996045,3.5070397618,3.58070784137
2001-01-28,1.56601487149,-4.3004556338,3.64467756439,3.12587940831
2001-01-29,1.59942935847,-4.21326171098,4.0768675166,4.62491637278
2001-01-30,2.21939997393,-6.77045461886,4.4252616848,3.98056821865
2001-01-31,3.78858106153,-6.01547348926,4.00069263538,4.08688860341
2001-02-01,4.29078367713,-7.58225887643,3.88633004268,4.70620734158
2001-02-02,4.82426319714,-9.28803060081,4.89727804733,4.77005853178
2001-02-03,5.77325612878,-10.0671428171,4.59900308925,6.55851897015
2001-02-04,4.88311252766,-8.85770713006,4.08103187825,6.23301655366
2001-02-05,4.70825118617,-8.89747173127,4.93008762747,6.33283125832
2001-02-06,5.0845436772,-9.21383636293,3.78736226146,6.7641881943
2001-02-07,3.7646643089,-9.06682893777,4.78125239844,7.19170831622
2001-02-08,3.77637148222,-8.4134469247,5.55889296613,7.25740151451
2001-02-09,1.994145887,-8.93219293627,6.20410215435,6.44280039651
2001-02-10,3.37850869307,-9.01080671311,6.15809100148,6.178372042
2001-02-11,4.9413680357,-11.3066167433,6.16872051107,5.08533405812
2001-02-12,5.90569961098,-11.6121027499,4.49058347196,5.79013604944
2001-02-13,4.84490727677,-12.7770093322,4.91091476094,6.02500081492
2001-02-14,5.71421345261,-12.6505178635,3.18043607541,6.77439397514
2001-02-15,4.78351870755,-11.5149051841,3.76975308089,7.23721036355
2001-02-16,4.59324036502,-11.13492565,4.79820202441,7.03353779383
2001-02-17,3.89765170267,-11.6165160337,5.46223636126,6.05790018266
2001-02-18,4.52067273106,-13.0884933436,4.19474632702,7.57136745541
2001-02-19,5.68303388088,-12.0219719015,5.67914738853,8.17117609196
2001-02-20,6.11987897055,-11.8336344547,5.09627380197,9.2812440723
2001-02-21,6.24890689025,-11.5930421079,3.81416138996,8.55248961978
2001-02-22,6.35910791906,-11.4514673218,4.55574838455,8.31963745305
2001-02-23,6.63507757326,-9.15811222879,5.53058610886,7.6277702644
2001-02-24,7.66508363594,-7.32598916889,5.54550045737,9.1198886837
2001-02-25,8.62818316887,-8.65033913453,5.24820399201,10.034802362
2001-02-26,8.21546158265,-9.36184614646,5.65990981605,10.6776258408
2001-02-27,7.99799224897,-9.32444974529,5.42438550706,9.22170906897
2001-02-28,8.30527296943,-10.2923192274,5.63899432932,10.4240038601
2001-03-01,8.8994297455,-11.0131276435,4.25214173466,9.98013102568
2001-03-02,8.73825740898,-10.6306973247,3.69150972601,8.96634133785
2001-03-03,8.51962070783,-10.5680104914,3.52390791782,9.56873803347
2001-03-04,9.73906759167,-10.6966952723,2.29192550203,9.34951358751
2001-03-05,8.18871478771,-10.9554244376,2.8305886767,8.55686519682
2001-03-06,9.01538939547,-10.0874600518,3.4194670882,5.93019949273
2001-03-07,9.66625456638,-9.60685358381,3.09757585899,5.35689619895
2001-03-08,9.07477248101,-9.37859713648,2.96517450238,5.54711956864
2001-03-09,9.30093924262,-9.54670426953,1.98996404683,4.70651820864
2001-03-10,10.5777318799,-9.31537061898,0.819362189408,5.42993044538
2001-03-11,11.2436119103,-9.56380013744,0.347450718489,5.95881478154
2001-03-12,10.7074270812,-10.9247619282,1.14839876843,6.32451076605
2001-03-13,11.0964834491,-11.6409195561,-0.263106479198,6.99148848888
2001-03-14,10.6011707233,-11.5495662816,0.167287412207,7.34591426878
2001-03-15,12.2208932886,-12.165977879,1.01034539265,7.71602258874
2001-03-16,11.3768560333,-14.1062626732,0.0476942128918,6.3702049623
2001-03-17,11.0508343745,-13.4835143453,0.886970197923,4.95213154666
2001-03-18,11.8734862485,-13.0345888677,2.22329347712,5.61519865323
2001-03-19,12.4905312313,-13.4499623153,1.38822345648,5.9211409729
2001-03-20,15.1513796896,-13.1828443754,3.27714343318,5.14610311201
2001-03-21,16.3094396683,-15.4054571895,3.61937425025,5.27621839332
2001-03-22,14.9897661469,-14.6747524675,3.93884487491,6.07278020638
2001-03-23,15.2345768026,-14.488593907,1.41484071527,5.8122878028
2001-03-24,14.3374191704,-12.5172921857,2.84270747158,7.84744701358
2001-03-25,16.1621041679,-13.1958068063,3.54665612083,9.15540972534
2001-03-26,15.3439603547,-14.4903708671,3.91229678775,8.70421470683
2001-03-27,16.420696871,-13.8559807742,4.71686900629,8.6202326477
2001-03-28,15.396183611,-14.1401455435,5.56239977135,7.34938823315
2001-03-29,16.2730989459,-13.5129205625,5.77852545701,8.09182724505
2001-03-30,14.9141398575,-13.2958161593,6.70857681509,8.99496380056
2001-03-31,15.3511413433,-13.369259558,6.65497319566,8.75378147916
2001-04-01,15.4291415559,-14.2690756097,6.95080259729,7.65210754481
2001-04-02,14.5498355355,-14.6603964838,6.29268428595,7.47188279924
2001-04-03,14.0364527758,-13.5761800337,5.49450781394,9.50843369374
2001-04-04,14.4716829739,-11.8079940025,6.00742581467,7.45903662118
2001-04-05,13.6071012924,-11.2497545812,5.09432047226,6.88834830862
2001-04-06,14.3007695073,-11.7419106528,4.2446863778,8.21202039394
2001-04-07,14.4926885946,-11.4242791391,3.20641080165,8.23979764337
2001-04-08,14.8701566567,-9.92107024255,4.33224360759,9.53308762245
2001-04-09,16.1549809713,-8.31252231451,2.760433543,9.87283715203
2001-04-10,15.5942311838,-7.20975020215,3.00018176234,10.3205776529
2001-04-11,15.3953911399,-7.35750012826,2.97534142383,10.3931994663
2001-04-12,15.3329704015,-7.22448791808,1.9371253649,9.02065276436
2001-04-13,16.2892050934,-6.69251801185,2.94226603222,8.46898948678
2001-04-14,16.3091301851,-6.98313258747,4.04683600097,11.0230054195
2001-04-15,15.5698195155,-5.96743459955,4.04381760975,10.5440637985
2001-04-16,15.3686378039,-5.93386644343,3.09631251727,8.85142530423
2001-04-17,15.5337804748,-4.6490328297,2.41085282046,7.43286880645
2001-04-18,16.0763872801,-3.59991419937,1.634104288,7.84749643422
2001-04-19,16.3249578771,-3.83684207163,1.51170076085,6.91663873044
2001-04-20,17.115045724,-3.31311222156,0.923481275685,7.54937675766
2001-04-21,18.429598765,-3.50191522413,-0.0908871033746,8.24742533397
2001-04-22,17.8728591484,-5.92285970054,-0.302084769925,7.29081505813
2001-04-23,18.6867088174,-5.53584330041,0.134770583476,6.88325700453
2001-04-24,19.0956916363,-4.53052697082,1.33443179608,8.82218909326
2001-04-25,18.7143868062,-5.92508297931,1.39522835209,8.49628734842
2001-04-26,18.6464668472,-5.36567674366,2.40152598551,7.97638937374
2001-04-27,18.537510158,-7.31115268509,0.906112230033,9.80091352586
2001-04-28,18.2698211988,-8.94802964725,0.490560846398,9.463502808
2001-04-29,19.0001238423,-6.98866868356,-1.05805063076,10.4833716835
2001-04-30,18.0352094529,-6.50463073721,-0.288211366907,10.733423858
2001-05-01,15.4779476171,-6.43366760667,0.524981158942,8.53660000469
2001-05-02,14.0435080321,-5.59105202023,1.50613110293,9.3153202322
2001-05-03,13.6034107499,-4.47184921965,0.207614124003,10.108040944
2001-05-04,13.8630870767,-4.22452244657,0.0754054113753,11.0129031523
2001-05-05,12.9014350451,-3.32695136458,1.45158504541,9.93549286525
2001-05-06,13.2161120223,-1.23774864966,-0.379259052633,9.90105797718
2001-05-07,10.9291293806,-1.39339500395,0.413262742241,9.38642443172
2001-05-08,10.6356674798,-0.0478723887293,0.0896565993069,10.101244112
2001-05-09,9.01290322904,0.102418551787,-0.457315350841,9.99468314602
2001-05-10,9.97258492647,0.908817427521,-1.11152102789,9.30448938599
2001-05-11,10.1594323874,2.20256549966,-1.13192260322,10.5184308688
2001-05-12,10.7305649575,2.73911729674,-0.753572254688,10.8477703867
2001-05-13,8.72589058722,1.49044264211,0.846951765937,12.0352507846
2001-05-14,11.0340282572,1.50312362346,1.59692364203,13.6529269491
2001-05-15,12.713775339,0.834211887206,0.14050340341,14.2389468843
2001-05-16,10.4820005427,1.20555825904,-1.22439115701,13.9511417141
2001-05-17,10.339267918,1.42394097768,-1.11204502157,16.7898517019
2001-05-18,10.0299174091,0.670141667954,-1.07591401583,15.7533536283
2001-05-19,10.1139446084,-0.307460225003,-2.56066120956,16.6332325901
2001-05-20,10.3263156769,-0.429244130655,-2.59904615862,16.7556105995
2001-05-21,8.47091428431,0.484760930877,-2.96538645059,18.4221195298
2001-05-22,8.98991057515,1.31825090581,-2.04487058602,19.2749440671
2001-05-23,9.21662283823,1.31661930253,-0.64880073827,20.666850584
2001-05-24,10.5692346254,1.71475665423,-0.76902253567,20.1887589868
2001-05-25,10.6427500965,1.28476298295,-0.793810724601,19.6564214293
2001-05-26,9.57906835428,3.15746952154,-1.47673710368,17.8341117931
2001-05-27,10.6530495013,2.76617659142,-1.78740700628,17.7052703083
2001-05-28,11.1539286328,2.6545520172,-0.870297995384,18.8825886294
2001-05-29,9.96152853635,1.25619685183,0.865688934987,18.0689139034
2001-05-30,8.94162174301,1.39768531551,1.20579034179,18.2624909251
2001-05-31,8.3895713433,-0.238325379332,1.34348564807,18.2717877204
2001-06-01,7.43071586817,2.21254962356,0.212199351745,17.3358021407
2001-06-02,7.329367294,0.714943116288,1.5246789261,18.3252493977
2001-06-03,8.04410247169,1.30159366749,1.10732656196,17.9141546616
2001-06-04,6.682633245,3.01344192778,0.481161848588,14.9703745221
2001-06-05,5.65354895008,4.23827233689,-0.978929576089,14.8133150012
2001-06-06,5.36493511169,3.03697323947,-2.19755716206,13.8240422481
2001-06-07,4.70293461337,2.6430367138,-0.665016026126,14.1494311319
2001-06-08,5.25838719882,2.24893381523,-2.09000181772,15.4876076089
2001-06-09,5.00324956273,1.32368423735,-2.95451681088,14.9949511767
2001-06-10,5.43046084355,1.57355168693,-1.16928327069,15.7540003105
2001-06-11,5.8315738819,0.0478127482376,-1.26811660866,15.5030353963
2001-06-12,5.47481804528,-1.09161297353,-2.15703086544,15.8179103823
2001-06-13,4.16029626535,-1.47421360124,-2.54594855126,15.7413524868
2001-06-14,4.70272530127,-0.969085473934,-2.97660058909,13.3843075312
2001-06-15,5.30002305185,-0.224781645251,-2.02288601729,14.19757001
2001-06-16,6.29733082453,1.41737715441,-0.770254130438,12.826822512
2001-06-17,7.46755096086,0.87023917186,-0.572128977128,13.6731920097
2001-06-18,8.18456572135,0.834532717908,-0.505402828979,13.6340267073
2001-06-19,9.79519917735,0.316067812652,0.332471760565,13.5620036475
2001-06-20,11.0687258596,0.122269497617,0.102054849267,14.3357606054
2001-06-21,11.7788335455,1.88689872685,1.62146677589,14.402197907
2001-06-22,10.642184242,2.72699667154,0.398369933289,14.3552312133
2001-06-23,9.81002956027,2.06838349718,0.397706028979,14.8163047522
2001-06-24,9.64408316509,1.74982451568,0.482169087074,15.062492274
2001-06-25,11.3236707259,2.14307938647,-0.399512477829,13.0703179137
2001-06-26,9.10218664122,2.36727805558,-0.378932728725,13.0009062264
2001-06-27,7.64276340056,0.627378403906,-1.81800114404,13.1550014863
2001-06-28,6.90144412539,1.63076642706,-3.10456809112,12.8787855698
2001-06-29,7.589609458,1.06735840797,-4.05537297102,12.8186070901
2001-06-30,8.69137851001,1.96785730995,-4.26212481036,13.3177584377
2001-07-01,10.2355225359,0.645604301364,-4.65151578005,13.2189603204
2001-07-02,10.8954729844,2.24101589176,-4.34939293293,14.3330295006
2001-07-03,11.7801005506,1.92705479913,-4.41140792508,14.0685861373
2001-07-04,11.2845241679,2.05146141417,-5.75675759839,13.6346236243
2001-07-05,10.8604941521,2.7923931231,-3.71178563891,13.3720912181
2001-07-06,11.8671556017,1.50501624107,-4.71640459046,13.4757117362
2001-07-07,12.0299152604,-0.452604278522,-5.45395487327,12.3174753815
2001-07-08,12.3279518387,0.645263216157,-6.37124675295,13.4661594465
2001-07-09,11.7858112949,0.623415922208,-5.85006809155,12.1214945322
2001-07-10,12.144639239,2.25470027665,-6.23619427116,11.7288017825
2001-07-11,10.9008168505,2.01926637418,-4.6120336493,13.062414548
2001-07-12,9.58924557541,1.09362339223,-4.63901978618,12.8046546353
2001-07-13,11.674762887,0.796545901201,-4.62627370252,13.2554392506
2001-07-14,9.47786692304,-1.04397198698,-6.40525987267,13.4520548861
2001-07-15,11.1646260278,0.226624231032,-6.30002062573,11.640101672
2001-07-16,10.1407351467,0.410384336556,-6.37530410659,9.82601595056
2001-07-17,10.9693693608,-1.15499650354,-6.23965340292,9.17186440605
2001-07-18,8.67705133891,-1.14777704284,-5.68216405531,9.57965625906
2001-07-19,9.01015104082,-2.12501090293,-6.72156961789,8.27595881254
2001-07-20,8.89889352327,-2.11117008307,-5.59163880925,8.43016899816
2001-07-21,8.99461507529,-2.63506527944,-4.54152724809,7.85634591753
2001-07-22,7.25525282395,-2.30640811682,-5.35061873656,7.93124539119
2001-07-23,8.45903626128,-1.97776591748,-6.51958719933,7.83219910668
2001-07-24,6.40465138638,-2.29069199191,-6.41845649422,6.05951553565
2001-07-25,7.09196790329,-3.30011079472,-7.41852185042,6.41221876203
2001-07-26,7.9587130812,-3.09701503872,-8.13359362083,5.85737555752
2001-07-27,6.19465375104,-2.07663618123,-9.34827235785,8.29809614482
2001-07-28,4.79646778297,-2.19850782705,-10.0194284877,8.22480260948
2001-07-29,4.53550756125,-2.57764792153,-9.31425502271,8.28851261215
2001-07-30,5.07869690662,-3.19124972115,-7.93605795698,8.52291005513
2001-07-31,5.69416900863,-3.39213883585,-6.71494407986,9.29333229987
2001-08-01,4.76360325082,-3.82662789227,-6.4990805115,9.51983532303
2001-08-02,4.34373295731,-3.78455644458,-5.68300438336,11.1377430203
2001-08-03,4.41388516103,-5.12637680301,-4.3002016212,11.3876784511
2001-08-04,3.50836948443,-6.44956818274,-5.28423882896,12.6973886804
2001-08-05,4.24641510028,-6.95798568337,-6.31963423774,12.0185224457
2001-08-06,3.71010756664,-5.3635321133,-8.42608264158,11.1794917526
2001-08-07,4.22452541004,-7.26385893242,-6.65787889428,11.1768709733
2001-08-08,5.06829847653,-5.4292808269,-7.96804084081,10.7661489794
2001-08-09,5.60998374227,-5.06736438495,-6.8243413018,12.0999040497
2001-08-10,6.75288418452,-6.75812311979,-5.94234141234,11.9264913057
2001-08-11,6.0943683441,-6.91217290545,-6.47713714904,14.1529381134
2001-08-12,6.51648566222,-5.42956737553,-5.55856420418,12.8640609952
2001-08-13,5.30080096315,-3.78913398606,-4.64681830304,13.3871152095
2001-08-14,4.6280785804,-4.50294799819,-3.24995717063,14.4438151218
2001-08-15,2.88439919455,-4.20635948883,-2.37312575616,13.8448341567
2001-08-16,3.01875587211,-2.81447254136,-1.86458195675,14.2860507828
2001-08-17,3.74889057105,-1.38673616101,-1.48983966026,14.918665514
2001-08-18,4.4846628167,-1.02795729001,-1.72808667079,14.4177170251
2001-08-19,4.57349583418,-2.23309091403,-0.944435797022,15.4186911218
2001-08-20,5.16787322691,-4.18821458121,-0.16368666605,15.2122355282
2001-08-21,3.23858025252,-3.15016605832,-2.96577026924,14.3573443469
2001-08-22,3.34943320752,-3.87182532453,-1.97589711886,14.5297322625
2001-08-23,3.72680769691,-2.93163585085,-2.13861851508,12.8990480583
2001-08-24,2.78737953261,-3.39090528895,-1.79030036022,13.8776697029
2001-08-25,1.61838902493,-4.95832964272,-1.82425368266,12.6361288088
2001-08-26,-0.28207402116,-5.01453262727,-3.23989964773,15.1123739127
2001-08-27,1.0263883517,-6.21601255725,-4.03891181447,15.7773795169
2001-08-28,1.05131437161,-5.27077877377,-3.33706443917,15.8652904116
2001-08-29,2.06987132246,-3.95637824834,-3.39456506813,16.0549120906
2001-08-30,0.906418138236,-4.35095507201,-2.84315400158,15.8778830032
2001-08-31,1.43615678094,-4.35070109871,-3.99137164225,15.7028545245
2001-09-01,1.49974619803,-4.43641945865,-5.53589705591,14.8747661697
2001-09-02,1.50848936243,-3.46428935494,-5.82041707998,16.4354950055
2001-09-03,4.2048292486,-4.96906229013,-6.23691885111,15.7863051265
2001-09-04,3.43361504579,-5.57573588249,-5.57156415424,16.6741624257
2001-09-05,4.49029401498,-6.4559749914,-5.7978715973,16.2218019677
2001-09-06,4.69747960855,-7.04305165452,-4.35183442578,15.618232952
2001-09-07,4.80227812693,-6.09782754928,-4.99092647262,15.6193187367
2001-09-08,4.62845228628,-6.89666191561,-5.77218553903,16.7352022813
2001-09-09,6.54782151014,-8.06715106377,-5.82820502181,17.0478181584
2001-09-10,4.85571566686,-8.87916306641,-6.26392635013,18.1540412741
2001-09-11,3.24182449875,-7.88370858559,-6.6048482485,16.9684967908
2001-09-12,3.6856484224,-8.02517162863,-5.70710003206,16.9668309216
2001-09-13,3.69895676533,-8.84548100179,-6.79159502872,16.8267314558
2001-09-14,5.22594289117,-8.26947870551,-5.89133298195,16.1567294943
2001-09-15,2.19169297599,-6.73894217696,-7.06464570305,15.7430363949
2001-09-16,1.49945946247,-6.7564570991,-9.45781064314,15.3212057784
2001-09-17,0.83607000075,-7.01483540165,-7.5995505424,15.166587836
2001-09-18,-0.0240374650107,-5.86062105169,-7.75249674873,14.6741247407
2001-09-19,-2.27337637905,-8.67388462935,-9.28144332342,15.11169183
2001-09-20,-1.89818484042,-5.42217494726,-10.2606411355,14.4561548002
2001-09-21,-1.36284865927,-5.40928476623,-8.43688864968,15.3070304672
2001-09-22,-3.53558860111,-5.19164277464,-9.23957034496,14.9794182379
2001-09-23,-2.33479924358,-5.06888743715,-10.0729597004,12.3985080857
2001-09-24,-1.49469579869,-6.47223168813,-8.44097549374,11.816447722
2001-09-25,-1.61868437617,-6.63648301799,-7.9490885833,11.2214443024
2001-09-26,-1.42067694125,-6.31620437692,-7.70280384193,12.6621848674
2001-09-27,-0.913661931181,-7.6295285669,-8.03740745911,11.9148761441
2001-09-28,-0.185233883947,-7.9456409253,-7.66214357757,12.9215662333
2001-09-29,0.624796901618,-8.55521372697,-7.9467747009,11.6009982996
2001-09-30,0.878505152641,-9.58162328696,-6.81152144414,11.4771757408
2001-10-01,0.321342045652,-9.63914906889,-5.88728769788,13.4672658732
2001-10-02,-1.30080610886,-10.5623413657,-6.99482929846,13.6351492955
2001-10-03,-2.35991338605,-11.6853712416,-5.77797626095,13.253762856
2001-10-04,-2.85291196376,-12.1340672149,-3.32146963516,13.2025849194
2001-10-05,-2.47439011085,-12.1261096871,-2.44000720212,11.2203972136
2001-10-06,-3.08558953811,-11.2138421263,-4.00648182389,12.2355746871
2001-10-07,-5.38952962019,-9.28724746719,-3.66314290195,11.1013983421
2001-10-08,-4.07449452131,-7.71293437998,-4.53450286299,12.4930774173
2001-10-09,-2.9892936393,-6.3215148142,-4.00656544964,12.9587982163
2001-10-10,-3.36288208933,-7.17656901034,-2.7775801472,12.5892976479
2001-10-11,-2.51161547912,-6.323584929,-3.67922830347,13.0369997113
2001-10-12,0.174812052174,-6.70468677168,-1.81654811207,13.6732411913
2001-10-13,1.44680092901,-4.9509985275,-1.94057784746,13.7534369127
2001-10-14,0.679817004552,-5.42592126681,-0.123093135717,13.0412995772
2001-10-15,0.356483415076,-4.78596275678,0.437601834319,13.0619577462
2001-10-16,0.520505837076,-3.33138455572,-0.843746831286,12.8470722477
2001-10-17,1.2686252481,-2.69053019383,-1.49207781346,12.6602629822
2001-10-18,1.50225755585,-2.79103911264,-2.53313720466,13.2431082832
2001-10-19,1.96960898752,-2.09111661128,-2.92126968857,13.434144335
2001-10-20,0.651963220121,-1.26209054121,-2.48937647485,13.5503506714
2001-10-21,0.846403830271,1.11136582863,-2.97905628601,12.9423492412
2001-10-22,0.674548396186,1.90237613136,-3.54373635972,12.3187209339
2001-10-23,1.73922412528,1.81218274812,-3.60017822457,11.6897985888
2001-10-24,3.90495607623,3.64078707974,-3.58938949504,13.6071869519
2001-10-25,5.07220967812,4.53604687172,-3.42640116334,13.6946248656
2001-10-26,3.82054735517,4.93147225492,-2.96001236974,11.7166574743
2001-10-27,4.26683524667,6.22831336611,-3.4694924686,10.5526649649
2001-10-28,3.38794554778,6.94875267449,-3.63956610165,11.0234867785
2001-10-29,3.12048967584,6.74254166631,-2.83372755314,10.5470031548
2001-10-30,1.28354610115,6.33531968257,-2.76642788785,10.0019324121
2001-10-31,1.22120894511,6.81573965644,-1.67531934188,10.6410303585
2001-11-01,1.33679776091,6.17178428383,-3.49970589332,9.78235532004
2001-11-02,1.98029672407,6.27470040823,-5.60193433697,10.4485721402
2001-11-03,2.22329974397,7.88511642402,-6.79834825351,10.1189658322
2001-11-04,1.49002663681,7.75925838093,-5.6129698871,8.23658412361
2001-11-05,1.43352059126,8.05430378455,-5.54844990248,7.87714183049
2001-11-06,1.69161615409,8.09927604194,-4.39563841563,7.62715264193
2001-11-07,2.73255197075,7.12132887441,-4.07826277897,6.37521762256
2001-11-08,5.03220632323,7.4385293436,-4.13519035174,6.1869011214
2001-11-09,5.69373649585,7.59962517923,-4.67125835593,4.59524508143
2001-11-10,5.81503138391,6.98710519213,-5.18705518554,2.8741292208
2001-11-11,4.31556671971,6.38541304425,-4.17512379619,2.60787083215
2001-11-12,4.69006624927,6.42001262109,-4.41877905679,5.50182793826
2001-11-13,5.74474172547,5.1615787934,-3.01114576354,5.33654462986
2001-11-14,6.63959594847,5.26368563144,-2.41178832402,3.54943361047
2001-11-15,7.59962007024,4.51537014181,-2.73350206336,2.91443972059
2001-11-16,7.32292103108,3.37724942722,-4.23484215733,3.68665693346
2001-11-17,7.42477261667,2.83881445787,-2.49733711345,2.81189891976
2001-11-18,8.96438374812,2.89366157784,-1.92073393893,4.57637887848
2001-11-19,9.59592695701,3.45730831886,-2.42470469235,4.38874242386
2001-11-20,7.72199293864,3.57884630664,-3.24007586923,4.45399842784
2001-11-21,6.61551285015,3.14419358736,-3.49852224054,5.55603608787
2001-11-22,6.55363802666,3.813950265,-2.47122188015,6.41887089052
2001-11-23,7.28561687331,4.13323317903,-3.22690029793,5.3477921199
2001-11-24,7.89868485921,3.40471477577,-3.37475720286,5.67395271013
2001-11-25,11.0163641202,3.55177140878,-2.21263080258,5.52448495226
2001-11-26,11.7071057342,3.11021600213,0.0974947651862,6.02581247053
2001-11-27,13.0868771037,4.91677859516,0.29059765735,7.20637307665
2001-11-28,12.8164973183,3.41189038529,-2.13165314923,7.18774460581
2001-11-29,12.7968322409,4.34685931043,-2.89313056929,6.2574807381
2001-11-30,13.9074441054,4.62049221751,-1.48113740694,7.16505043172
2001-12-01,13.6067766148,2.62969392253,-0.0981908759117,7.64452659515
2001-12-02,14.021018776,3.348187663,1.14590579806,8.67198041439
2001-12-03,14.3849175236,2.84327716798,-0.860368026836,9.35134389212
2001-12-04,15.5203535336,2.81460871403,0.190880535281,8.22655836107
2001-12-05,13.9824049039,2.70044668868,1.13028681872,9.51595592761
2001-12-06,13.56647943,3.01302230442,0.515956137282,9.88217102405
2001-12-07,13.9856058964,3.7571048355,-0.622208914088,9.26548894928
2001-12-08,14.2795772653,3.20597211873,-0.235567563626,10.4137496017
2001-12-09,14.928823675,2.40168272403,-1.51144386693,9.04900374238
2001-12-10,14.7237936851,1.33040987444,-2.59033425706,7.15572650268
2001-12-11,12.8791457094,1.94834874387,-0.769116689309,6.54576771155
2001-12-12,12.5633125908,2.90029849789,0.968472288831,6.65347366614
2001-12-13,12.6593251966,3.1673062032,-0.542877383414,6.53919585189
2001-12-14,13.823694235,2.81618514832,-0.250713507646,8.5896471931
2001-12-15,14.6600532251,3.96600124384,1.32325214146,8.41363852684
2001-12-16,15.1616179935,5.55451851083,0.651110425693,7.50492312669
2001-12-17,13.8421441571,6.67758738005,0.992499566382,9.17234444538
2001-12-18,13.1652911799,6.99101546615,1.66963071802,9.88312508174
2001-12-19,12.2025732601,7.00078320556,1.22787710388,9.84388695539
2001-12-20,13.3264958219,7.11354410153,1.17583370143,9.8933857108
2001-12-21,14.6889094602,6.99959684393,1.536668651,8.89473843058
2001-12-22,13.2788521619,7.94061647589,0.406366799062,8.19613692998
2001-12-23,14.2547721391,9.20636427981,0.980769086901,8.42159278126
2001-12-24,14.8185183938,9.57140160732,1.12742246915,8.52083002432
2001-12-25,14.9765968012,9.68602521774,0.143089292105,9.59777628531
2001-12-26,14.465220639,9.10647270488,-0.169229379554,9.38987026471
2001-12-27,14.1914856983,8.09576136604,0.503116444918,9.31585369086
2001-12-28,11.9126132132,8.40908282083,1.19390482874,8.4673976756
2001-12-29,12.0992040205,8.19592490739,-0.678419162576,8.63810506579
2001-12-30,12.0930758791,9.14829528134,0.183235658732,7.92285458606
2001-12-31,11.7784995917,9.15349988866,0.128436190235,6.61174562821
2002-01-01,12.1389883907,7.52342888788,1.83075973269,6.59979894909
2002-01-02,11.7529948408,8.5262026988,2.90289173676,7.19362417802
2002-01-03,12.3502418955,7.65207696791,2.96225218406,6.03108451419
2002-01-04,12.3741595815,7.42738429899,1.7876202518,5.352061608
2002-01-05,11.1158368149,7.84601582959,0.173621490822,4.23218640773
2002-01-06,11.2928287317,9.36079909855,-0.154310818244,6.03676553605
2002-01-07,10.3981184209,8.9888656383,-0.758204904681,6.21112575586
2002-01-08,9.42950335305,8.84344584112,-0.460438160716,4.17086876551
2002-01-09,9.44191470152,7.42756665114,-2.45024870071,3.88027793445
2002-01-10,8.27021586663,6.67514906324,-2.37561295799,2.91640777323
2002-01-11,7.04227638253,6.30816610606,-1.65825585293,3.41543907011
2002-01-12,7.29500702362,5.38576192483,-0.9984876206,3.6706574941
2002-01-13,5.80796009265,6.38152556486,-0.282198927705,4.20343354099
2002-01-14,4.93545257483,7.46865544111,0.160176499782,3.83432017929
2002-01-15,6.32550241865,7.88388297377,0.277142788896,4.14863428737
2002-01-16,8.220069688,7.51258861976,-0.716134530182,3.9579996969
2002-01-17,7.52298606446,5.55299402406,-1.36590406126,4.41344148224
2002-01-18,9.49049486364,6.68615429405,-1.17520368065,5.14502555639
2002-01-19,9.32570695891,4.54650893415,-0.649692118126,6.54150175215
2002-01-20,8.37199017751,3.48615771628,0.187799103224,5.6560959651
2002-01-21,7.35007231547,3.78906617524,1.47416010588,5.93272414269
2002-01-22,9.06427680332,2.31182246667,3.72480251545,5.8869180112
2002-01-23,8.12777040575,2.87044426127,3.94971172751,5.43366321487
2002-01-24,7.67680466972,2.92282196669,4.13215613771,5.91925065082
2002-01-25,8.37748775457,2.31391994703,6.64481196909,6.73308312784
2002-01-26,8.30654317791,2.09256581315,6.71229591635,6.8196850506
2002-01-27,8.25226541684,2.55219197192,6.09191370554,5.95408419596
2002-01-28,4.9843448916,2.79067453468,5.82888397397,6.59965935867
2002-01-29,4.84628690041,3.15760618453,7.17354044757,6.43273707518
2002-01-30,5.09415762119,3.06586821318,6.92654524799,6.89529830236
2002-01-31,6.82470762983,5.73055616436,5.03271393863,8.3528965741
2002-02-01,5.75428249049,6.30512627546,5.32198465112,10.3200855283
2002-02-02,5.16103337261,4.59111790354,6.28913964385,11.0964554491
2002-02-03,4.12170111126,4.50383722589,6.16966138749,11.1778654382
2002-02-04,3.03889562496,4.2791760266,7.53149967985,11.4192220882
2002-02-05,3.32831190878,3.64817820057,8.46049208766,7.94050988395
2002-02-06,3.21073934699,5.44200648343,8.85766573423,7.33218026898
2002-02-07,3.40035791632,5.42126679289,8.78516075414,7.4151022854
2002-02-08,2.94398448862,6.4490809811,9.62399897373,7.39912048159
2002-02-09,1.97192244481,7.62115386343,8.39850989631,5.1417446712
2002-02-10,2.8269132654,8.70939523508,9.37704340612,4.06478480471
2002-02-11,2.5052445859,8.71520518816,9.17205248935,4.00479347072
2002-02-12,2.68726602346,8.76662731576,10.0837980518,4.88900315538
2002-02-13,3.33105221132,8.38419911893,10.2607107941,2.98951381745
2002-02-14,5.00818545048,8.19619834833,11.9143066458,3.08127606765
2002-02-15,6.17280168287,9.4584655965,12.9631891859,0.948484175855
2002-02-16,6.71565978605,11.3440366114,13.0277384172,2.60964968268
2002-02-17,5.693462558,11.9478082446,12.1020831204,2.87211201775
2002-02-18,5.41457390904,11.533800803,11.4804640163,2.49461566527
2002-02-19,3.53270651148,10.0988834745,12.641670395,3.36065244091
2002-02-20,4.92868416534,7.95447733581,11.3648892086,4.34772625635
2002-02-21,3.74977533401,6.3445949804,11.713360105,4.84586992855
2002-02-22,4.16884350651,5.60927915622,12.8313413973,5.8207449027
2002-02-23,4.47187222094,5.58146831042,13.2085740255,7.13533230767
2002-02-24,3.56370084448,6.08658983999,13.9441181137,4.91930893356
2002-02-25,3.6406850593,5.74341748056,13.6933406463,6.02737747223
2002-02-26,5.51050267291,4.11597372133,13.4368691327,6.84367489073
2002-02-27,6.44663342717,4.22881239061,11.5607012759,6.31819379662
2002-02-28,7.18394991202,4.79871418317,10.9626380659,5.77938050638
2002-03-01,7.67182624676,4.48739988315,11.5480179828,5.15742253498
2002-03-02,6.98249267971,3.98343721129,11.7027976463,5.76134241571
2002-03-03,7.32110376188,3.58757527359,12.3248146828,5.22721814488
2002-03-04,7.3670347678,2.80138819176,13.6417733691,3.64181666328
2002-03-05,8.1013984921,2.97217580766,13.8636761688,3.75017120481
2002-03-06,8.88816171763,3.77649473269,13.8983839968,5.61943169756
2002-03-07,8.59243665014,3.92402683734,14.4201496894,3.69536871422
2002-03-08,9.31882934775,3.93983360681,15.9861041562,2.19339083088
2002-03-09,10.8850052965,4.7334813835,15.5881801215,1.3541241549
2002-03-10,10.3757032699,2.97124862831,14.9041041259,0.786456147728
2002-03-11,10.9538068466,1.22784948246,14.2536675297,-0.143570816018
2002-03-12,11.1874284409,2.3749091526,14.8905436446,0.332355174144
2002-03-13,11.5474438236,2.77153469041,13.8415815311,1.63860115735
2002-03-14,11.1091166645,4.10218166741,13.7407644227,0.479241209867
2002-03-15,11.1378175085,4.10251417376,13.8525474505,1.41102159842
2002-03-16,10.8496507468,3.41215296525,13.7039957557,1.82228120072
2002-03-17,11.1517703918,4.70029663669,12.4368033103,-1.23248696592
2002-03-18,12.056418654,5.69204802963,12.1286874525,-1.58019551415
2002-03-19,12.3982236177,6.50375042521,13.6124796632,-3.34254336317
2002-03-20,11.5708567281,7.56378060333,14.4717045308,-4.29999852718
2002-03-21,9.6210026125,8.36638372006,15.5446213481,-4.14099123212
2002-03-22,10.1979421706,8.06088793829,15.0885679302,-4.24883336704
2002-03-23,10.9769183688,7.42721701861,14.858807459,-5.03156879626
2002-03-24,11.3860212252,7.51731414342,14.6560022312,-3.37352584403
2002-03-25,12.2439659475,7.13188129824,14.1655317728,-3.35035785094
2002-03-26,11.6347305966,8.39980035625,14.5009573202,-1.2975651796
2002-03-27,10.834062246,8.77522630458,16.2466102153,0.584877244466
2002-03-28,8.71929235225,8.70606415342,16.393625708,1.04458414102
2002-03-29,8.6466921593,10.6219486098,16.6321210887,1.6404412813
2002-03-30,8.46140377259,11.5313444181,15.9115007617,2.30517626572
2002-03-31,8.53520998668,10.6866356122,15.3505119109,2.1016063305
2002-04-01,8.50416816241,10.9575223567,17.2398993819,2.65186991445
2002-04-02,7.47297622468,10.2572813533,17.1717746881,3.98172465812
2002-04-03,8.40852604178,8.39935715901,18.7959430815,2.4164886767
2002-04-04,7.99798206019,8.55093535045,19.6000078896,0.830085383025
2002-04-05,7.56608482815,8.67933779779,18.6291443904,0.925334984818
2002-04-06,7.20113992038,8.58992313395,18.9428190706,1.01655125131
2002-04-07,7.37214770786,7.95629815881,18.6918583097,1.32378806161
2002-04-08,7.21156836785,8.70654244067,18.5535988239,0.591815373686
2002-04-09,5.91845497895,8.37932156053,19.2250248315,1.32345076932
2002-04-10,6.56320287598,9.67919991002,19.8036959239,0.888558999215
2002-04-11,7.34858804417,10.1498814737,20.1704349955,0.456826555711
2002-04-12,7.61551360253,10.3051070735,20.3756742417,1.42487928792
2002-04-13,9.19542495941,9.92788810114,18.817193551,2.18938463862
2002-04-14,8.52387439724,8.52499980948,20.6441369683,2.27765289918
2002-04-15,8.39357235306,9.8153765685,21.088194937,1.35259895414
2002-04-16,7.52890437179,10.073566702,20.221997724,0.482748212191
2002-04-17,9.14284378373,11.3643276135,20.1462778605,-0.363797176488
2002-04-18,10.6901901537,9.96895943217,20.361543636,-2.7171784243
2002-04-19,11.8906743001,9.2383472709,21.3136993241,-2.85895675275
2002-04-20,12.765557471,8.20702130892,19.8877635798,-3.33370972203
2002-04-21,12.9851507095,7.17638596021,20.8050892235,-3.37293593934
2002-04-22,15.2459613334,7.5836148599,20.2077092471,-1.23833314927
2002-04-23,16.1372343103,9.89697972207,20.0053209499,-0.790659286214
2002-04-24,15.4639634884,10.6426186103,19.8126845049,-1.5691272808
2002-04-25,16.1040024692,10.8370272499,17.661567237,-1.49403557881
2002-04-26,15.3159158774,11.3880902952,18.6136293334,0.790793950655
2002-04-27,16.4488120569,11.9050895304,17.4222916116,1.39538876108
2002-04-28,16.5251037822,10.3874457521,18.2411773733,1.6890134687
2002-04-29,16.162344764,9.77321511394,17.9435721815,0.138540352871
2002-04-30,14.5389057929,10.150616559,19.3500335738,1.28487525842
2002-05-01,12.9671116306,8.33912507915,18.883368739,0.951462208475
2002-05-02,14.8940164368,8.67275637446,20.8078112594,1.99797867668
2002-05-03,14.4525575816,8.53411491949,20.9141767912,2.96690257595
2002-05-04,13.6756775341,7.84533426753,19.6438576468,3.09062818547
2002-05-05,13.546157068,6.6280083406,20.4737904536,2.17661909799
2002-05-06,11.5935179525,7.80811218104,21.5772510266,2.78036773489
2002-05-07,10.6302375176,6.84561459824,20.9042249159,3.04575830755
2002-05-08,9.84381709118,6.71369580112,23.0167373798,2.99511239244
2002-05-09,12.0893147264,6.59189581942,22.2268580472,1.28519584902
2002-05-10,13.2153937651,6.32711891608,21.6185720538,1.35161870196
2002-05-11,10.4397443083,5.25304010385,21.1325335025,1.07521668636
2002-05-12,11.8250839728,5.20409007412,22.4649886325,-0.220901094777
2002-05-13,11.9119847155,5.42478500918,22.455896886,-1.68656074625
2002-05-14,12.3575392376,7.62422104103,23.7384000314,-2.86725156725
2002-05-15,10.3916372412,6.43227660772,22.3508347972,-2.39118127055
2002-05-16,12.5245375211,6.72637418095,22.5932997905,-2.13376022916
2002-05-17,13.2563551096,6.25845910324,21.4664815653,-2.5646122576
2002-05-18,12.5835182502,4.5865502592,20.2455899661,-0.745734729697
2002-05-19,11.2377422149,3.72404383458,20.3200493125,-1.1833518394
2002-05-20,10.8815951446,3.18361187964,22.0413085,-1.06815570992
2002-05-21,10.2750126365,3.42426543631,22.6997795589,-1.57002015913
2002-05-22,9.07594937745,2.76665533216,22.0993344649,-0.90152913096
2002-05-23,8.47920999475,0.404631362872,20.7174940265,-2.11316452824
2002-05-24,8.36086655036,1.58008173694,20.1566752866,-2.45586040446
2002-05-25,7.04016812454,0.414144356415,18.7025672392,-4.23272247598
2002-05-26,6.41373666043,-2.00533409725,19.3611296733,-4.72665967732
2002-05-27,6.76572827353,-3.40483450209,17.4556132423,-6.1006035037
2002-05-28,6.06450401515,-4.46517161898,18.1493650759,-5.57414934586
2002-05-29,6.00114618583,-3.73490629693,17.1800024841,-5.59910456348
2002-05-30,6.08680803896,-2.98112141842,16.8525193027,-5.70081880803
2002-05-31,6.51298120284,-2.48556677717,16.0741444881,-4.92044063506
2002-06-01,3.56013076611,-0.8688246146,17.18732291,-4.28175140707
2002-06-02,2.73512506763,-0.971136365702,17.1109986767,-5.1888655609
2002-06-03,3.29586382666,-0.838550406088,18.5605790479,-7.03431819865
2002-06-04,0.826447790526,-2.41262159597,19.4764753407,-5.77705972884
2002-06-05,0.769353711372,-2.1552929741,19.6230799212,-5.61501477508
2002-06-06,1.91334282749,-0.85518837514,19.5677787838,-5.9571427495
2002-06-07,0.23463667026,-0.71213740748,18.2860872165,-7.13587362065
2002-06-08,-0.341772225266,1.07295347595,16.8203056629,-8.24337216663
2002-06-09,0.223663956053,1.41775373529,17.9823713604,-8.8023143387
2002-06-10,0.463841443127,0.774697808243,19.1201754845,-7.75036022063
2002-06-11,-0.163185802087,0.9284050887,18.2551748216,-7.6465578342
2002-06-12,0.465792632889,1.8072172407,18.5453763699,-7.15756284487
2002-06-13,-0.408793477039,3.17928415812,18.6843652139,-6.92123001741
2002-06-14,0.387467261581,2.86299619325,19.1689690694,-7.00897385824
2002-06-15,0.358803586858,5.06484502152,18.8190281022,-8.10468283175
2002-06-16,-0.774570586829,5.00649495066,19.7032915272,-8.23855282911
2002-06-17,-1.13083665365,6.90448295879,18.3533251846,-8.45406005044
2002-06-18,-0.731060869921,7.63431303774,16.6989465316,-7.35588723185
2002-06-19,-1.41307348198,7.31809509403,15.7797525419,-7.64979749823
2002-06-20,-0.990569378717,7.16952356438,14.948887495,-8.09289031625
2002-06-21,-0.16856028173,6.01760644675,16.4232321739,-8.36776596695
2002-06-22,0.238756796805,4.92411677697,18.4117916996,-7.73166064475
2002-06-23,1.53912474583,5.27461031658,16.5444221978,-7.377018989
2002-06-24,4.01639554339,6.06579036527,18.3593737699,-7.64931381779
2002-06-25,3.19031717675,6.77455488371,19.4727502651,-6.64058880978
2002-06-26,2.80468719621,6.60512625566,20.3871658725,-6.98961600533
2002-06-27,3.15989450295,8.07331332096,20.293568558,-6.89791445371
2002-06-28,2.57391319024,8.69891319492,21.0855845276,-4.38428986381
2002-06-29,0.836690581116,8.56027674022,21.5360309006,-2.69724106982
2002-06-30,0.119298346547,9.61906773297,22.3789333085,-2.67262919928
2002-07-01,1.73140326263,10.6377754761,22.9602236194,-3.14746833348
2002-07-02,1.92908739665,11.2116617651,23.4744185207,-4.39832724499
2002-07-03,1.30327893492,11.4635339625,23.6959738716,-4.28224229522
2002-07-04,0.0297827428886,11.0504723359,23.235459079,-3.74036232681
2002-07-05,0.180893334947,9.79186389467,22.2820013293,-1.51723575754
2002-07-06,1.3573093767,10.6853642226,21.7318105383,-3.86987508429
2002-07-07,2.25348676652,11.1005262518,21.0606747465,-3.42156051138
2002-07-08,2.53364888456,11.570730777,20.0076184806,-3.31605352234
2002-07-09,3.25664036318,11.3228439935,20.9867632964,-2.03578745749
2002-07-10,3.44389871377,10.3147376815,21.8924308957,-2.57365299013
2002-07-11,2.74454110946,11.3108288941,21.8830040735,-1.69644744891
2002-07-12,1.08555193486,11.0712536239,21.8138537907,-2.11083233299
2002-07-13,0.852351140576,11.3820486875,21.2006069681,-3.80718544223
2002-07-14,0.919288790468,11.1240816443,21.5337785018,-3.28128546656
2002-07-15,0.67768138752,12.144470009,23.2074454965,-2.45157938301
2002-07-16,1.24508099836,12.7847048211,25.0546709105,-1.21376222683
2002-07-17,1.30401616491,13.5110422896,24.5348609209,-0.394438129737
2002-07-18,1.10301586763,13.0877874689,24.5458431655,-0.363160159489
2002-07-19,0.824512995904,13.1272313853,24.7797163787,0.950132806537
2002-07-20,1.08883323838,14.1327295849,25.357966753,1.02682175487
2002-07-21,1.16297540474,15.8297600499,24.5923223121,-0.264238147929
2002-07-22,1.3612950058,14.8819151862,23.0547922397,-1.79879657065
2002-07-23,1.62964419161,15.5624862257,22.6838479099,-2.4607224399
2002-07-24,1.60802628444,15.2915322335,21.5884972663,-2.01232531359
2002-07-25,1.2240299379,16.2231999337,19.6546760154,-2.92910769013
2002-07-26,3.27025529116,15.3840091422,18.5572328894,-2.62992259578
2002-07-27,1.80767311942,16.4797418029,18.1233043011,-2.09084277043
2002-07-28,1.51436552459,15.5754187605,17.6320498729,-2.04764230175
2002-07-29,3.33354004225,16.1707733442,17.6062414184,-2.10507599642
2002-07-30,5.16274888021,14.8548224653,16.8299176337,-1.95454184168
2002-07-31,5.43003740884,15.9887004983,16.0191278591,-2.37220947006
2002-08-01,6.26130007557,16.1974680905,15.7455740852,-3.8779714529
2002-08-02,7.61568105954,17.1487669791,15.5807549503,-4.26871597387
2002-08-03,5.4074761232,17.5304891667,15.4623658684,-2.82798808965
2002-08-04,4.47257434697,16.5875353441,15.3870597721,-3.21673918115
2002-08-05,5.68024368662,17.258403873,15.4128197848,-3.62837274503
2002-08-06,5.13460621918,16.8555205286,15.8369561392,-3.40192186949
2002-08-07,5.93686844906,17.3414214735,16.0646092288,-3.07150579158
2002-08-08,6.90348655439,18.4656949618,13.5582160943,-2.73106539817
2002-08-09,8.48856557503,17.7115100141,13.0938254808,-3.69866363873
2002-08-10,9.38532097201,17.6566887382,12.9391680196,-3.96354488905
2002-08-11,10.4411269803,18.8607015119,12.6941358047,-4.61825023606
2002-08-12,10.3224509002,19.0673483943,13.2243759419,-4.91772882881
2002-08-13,11.2417342365,18.2570740908,12.5775425897,-5.23309283777
2002-08-14,12.3201970033,16.8003267538,14.3466091333,-4.60130977991
2002-08-15,13.635919743,16.268325376,14.7027477864,-6.15286195211
2002-08-16,13.3747518746,17.617462594,13.9146876401,-8.37529322402
2002-08-17,11.4723147631,17.7681565089,12.0973959362,-8.86002691773
2002-08-18,11.6616379207,17.9392745266,12.1423653556,-7.98783064772
2002-08-19,12.996286304,16.76862404,12.583869006,-7.5515760732
2002-08-20,13.148140411,15.1907787034,11.6552458728,-9.03669335276
2002-08-21,13.6294605955,14.2370594858,12.3749493725,-8.31442144151
2002-08-22,13.134576271,14.31101433,12.3523308322,-6.6802769856
2002-08-23,13.6239140027,13.9902360347,12.3181166817,-6.59402689038
2002-08-24,14.270523399,13.646793537,13.3775671961,-5.87519474849
2002-08-25,15.0846725994,15.408410357,12.7941062325,-5.70994900392
2002-08-26,15.244385858,13.6398069434,13.7425931359,-6.32158818459
2002-08-27,16.7489632941,15.0377377652,14.8412699506,-5.69380396151
2002-08-28,17.4370681899,15.4507643806,13.2160500685,-6.14836770333
2002-08-29,16.4848712849,15.7833206423,13.4860623452,-6.38522490399
2002-08-30,15.7402165079,16.2373962776,13.1472582567,-6.17614956051
2002-08-31,14.3407954652,16.9221837483,13.1249704467,-7.05855347774
2002-09-01,15.1695218542,16.8094099313,13.1590406382,-7.12652601111
2002-09-02,15.5268807846,15.9850455681,13.8624282222,-8.14499926944
2002-09-03,16.0850076169,16.9397506858,13.227114592,-8.96298070633
2002-09-04,16.1029129149,18.1583046333,12.8676418118,-7.51989551011
2002-09-05,16.6289133225,17.8245593186,12.8333093641,-8.91417524246
2002-09-06,17.0348232147,18.8654864106,11.8677232122,-8.74577451702
2002-09-07,19.1027057272,18.02695723,10.8777189107,-10.135052084
2002-09-08,18.7660149995,17.3795022737,11.2737960902,-10.6146670352
2002-09-09,15.8437932509,18.849549245,11.2491575765,-10.6330672117
2002-09-10,14.5624723685,19.435065425,10.7387379723,-12.0914755322
2002-09-11,15.495721601,18.6390919552,11.4094869097,-12.1144925731
2002-09-12,14.5169720757,20.1743634067,9.66769128326,-12.4327940251
2002-09-13,13.2671375671,21.2129965133,8.52256339763,-10.2285617163
2002-09-14,13.2602078599,19.2559024155,10.8723473569,-10.1608976136
2002-09-15,14.095865257,19.2233176776,11.9319410578,-10.8848930372
2002-09-16,13.97276085,20.3904257597,10.0620410492,-12.6809354069
2002-09-17,13.3454836147,21.6213385144,10.3265937494,-12.1472411694
2002-09-18,14.1560516056,21.5736587214,10.4381870837,-12.5084710242
2002-09-19,14.3986533878,22.0543486177,10.1266297789,-11.7453249608
2002-09-20,13.7759030839,21.5092657768,11.5609704497,-11.0252476877
2002-09-21,13.5478723345,22.9186713581,11.4402979721,-12.1339566825
2002-09-22,13.4541338197,23.0255914233,10.112645242,-10.5191575157
2002-09-23,13.0212319288,23.0131906918,11.2076079634,-9.96107147257
2002-09-24,12.0167299168,21.137172835,11.0246855615,-10.2632677314
2002-09-25,11.3411943096,19.8376012793,11.7552198321,-10.3933238864
2002-09-26,11.1584020487,16.547521516,13.8940045718,-8.68878225205
